,Born,Died,Title Year,Population,Latitude,Longitude
0,1973,,2007,36670.0,55.88098000000001,12.501106
1,1995,,2011,1116513.0,40.395278000000005,49.882222
18,1979,,2007,1116513.0,40.395278000000005,49.882222
35,1971,,1991,1116513.0,40.395278000000005,49.882222
52,2001,,2019,1116513.0,40.395278000000005,49.882222
69,1981,,2007,1116513.0,40.395278000000005,49.882222
86,1995,,2013,1116513.0,40.395278000000005,49.882222
103,1978,,2010,1116513.0,40.395278000000005,49.882222
120,1965,,2003,1116513.0,40.395278000000005,49.882222
137,1986,2014,2002,1116513.0,40.395278000000005,49.882222
154,1981,,2005,1116513.0,40.395278000000005,49.882222
171,1963,,1980,1116513.0,40.395278000000005,49.882222
188,1970,,2006,1116513.0,40.395278000000005,49.882222
205,1958,,1992,1116513.0,40.395278000000005,49.882222
222,1988,,2004,1116513.0,40.395278000000005,49.882222
239,1994,,2015,1116513.0,40.395278000000005,49.882222
256,1978,,2001,1116513.0,40.395278000000005,49.882222
273,1987,,2001,1116513.0,40.395278000000005,49.882222
290,1992,,2008,1116513.0,40.395278000000005,49.882222
307,1977,,1996,1116513.0,40.395278000000005,49.882222
324,1972,,2013,,39.8725,44.6544444
328,2004,,2018,1978078.0,41.3166667,69.25
330,1986,,2008,1978078.0,41.3166667,69.25
332,1988,,2004,1978078.0,41.3166667,69.25
334,1962,,1992,1978078.0,41.3166667,69.25
336,1983,,2003,1978078.0,41.3166667,69.25
338,1979,,1997,1978078.0,41.3166667,69.25
340,1949,,2003,1978078.0,41.3166667,69.25
342,1981,,2010,1978078.0,41.3166667,69.25
344,1986,,2004,1978078.0,41.3166667,69.25
346,2000,,2019,1978078.0,41.3166667,69.25
348,1989,,2018,1978078.0,41.3166667,69.25
350,1969,,1992,1978078.0,41.3166667,69.25
352,2005,,2019,1978078.0,41.3166667,69.25
354,1982,,2008,269961.0,32.815556,34.989167
356,1932,,1976,269961.0,32.815556,34.989167
358,1969,,1996,269961.0,32.815556,34.989167
360,1951,,1984,79410.0,45.383611,20.381944
361,1978,,2008,68938.0,22.8361111,-82.0280556
363,1984,,2007,68938.0,22.8361111,-82.0280556
365,1981,,1998,,50.075777,12.374676
368,1991,,2018,1708088.0,47.5,19.083333
371,1950,,1973,1708088.0,47.5,19.083333
374,1987,,2004,1708088.0,47.5,19.083333
377,1932,2010,1962,1708088.0,47.5,19.083333
380,1988,,2009,1708088.0,47.5,19.083333
383,1975,,2003,1708088.0,47.5,19.083333
386,1946,,1976,1708088.0,47.5,19.083333
389,1933,1983,1980,1708088.0,47.5,19.083333
392,1935,2018,1974,1708088.0,47.5,19.083333
395,1986,,2007,1708088.0,47.5,19.083333
398,1964,,1990,1708088.0,47.5,19.083333
401,1959,,1995,1708088.0,47.5,19.083333
404,2002,,2020,1708088.0,47.5,19.083333
407,1950,,1986,1708088.0,47.5,19.083333
410,1953,,1982,1708088.0,47.5,19.083333
413,1976,,1992,1708088.0,47.5,19.083333
416,1969,,1991,1708088.0,47.5,19.083333
419,1951,2014,1974,1708088.0,47.5,19.083333
425,1955,2003,1994,1708088.0,47.5,19.083333
428,1971,,1989,,-34.416667,139.116667
437,1992,,2010,,13.083333,80.283333
438,1996,,2020,,13.083333,80.283333
439,1969,,1988,,13.083333,80.283333
440,2006,,2019,,13.083333,80.283333
441,1990,,2019,,13.083333,80.283333
442,1983,,2009,,13.083333,80.283333
443,1994,,2017,,13.083333,80.283333
444,2005,,2018,,13.083333,80.283333
445,1976,,2003,,13.083333,80.283333
446,1981,,2000,,13.083333,80.283333
447,1993,,2011,,13.083333,80.283333
448,1982,,2009,,13.083333,80.283333
449,1985,,2012,,13.083333,80.283333
450,1989,,2013,,13.083333,80.283333
451,1965,,1986,8540306.0,-6.174444,106.829444
452,1968,2005,1999,8540306.0,-6.174444,106.829444
453,1999,,2020,8540306.0,-6.174444,106.829444
454,1987,,2005,,7.05,-72.18333299999999
479,1966,,2008,,7.05,-72.18333299999999
504,1967,,1985,,59.833333,10.433333
506,1964,,2003,,59.833333,10.433333
508,1994,,2014,4039751.0,59.89444399999999,30.264167
512,1997,,2015,4039751.0,59.89444399999999,30.264167
516,1990,,2014,4039751.0,59.89444399999999,30.264167
520,1994,,2009,4039751.0,59.89444399999999,30.264167
528,1991,,2014,4039751.0,59.89444399999999,30.264167
532,1992,,2009,4039751.0,59.89444399999999,30.264167
540,1966,,1997,,55.1925,30.194444399999995
544,1987,,2017,,55.1925,30.194444399999995
548,1961,,1992,,55.1925,30.194444399999995
552,1985,,2007,,55.1925,30.194444399999995
556,1968,,1990,,55.1925,30.194444399999995
560,1991,,2019,,23.1319444,-82.3641667
573,1981,,2006,,23.1319444,-82.3641667
586,1973,,1997,,23.1319444,-82.3641667
599,1983,,2001,,23.1319444,-82.3641667
612,1944,,1975,,23.1319444,-82.3641667
625,1992,,2019,,23.1319444,-82.3641667
638,1968,,2004,,23.1319444,-82.3641667
651,1991,,2015,,23.1319444,-82.3641667
664,1976,,2012,,23.1319444,-82.3641667
679,1988,,2007,1093499.0,40.1811111,44.513611100000006
680,1983,,2004,1093499.0,40.1811111,44.513611100000006
681,1964,2016,1993,1093499.0,40.1811111,44.513611100000006
682,1989,,2006,1093499.0,40.1811111,44.513611100000006
683,1982,,2000,1093499.0,40.1811111,44.513611100000006
684,1980,2008,1998,1093499.0,40.1811111,44.513611100000006
685,1986,,2010,1093499.0,40.1811111,44.513611100000006
686,1993,,2017,1093499.0,40.1811111,44.513611100000006
687,1974,2016,1999,1093499.0,40.1811111,44.513611100000006
688,1995,,2012,1093499.0,40.1811111,44.513611100000006
689,1984,,2009,1093499.0,40.1811111,44.513611100000006
690,1989,,2008,1093499.0,40.1811111,44.513611100000006
691,1995,,2013,1093499.0,40.1811111,44.513611100000006
692,2001,,2018,1093499.0,40.1811111,44.513611100000006
693,1981,,2009,1093499.0,40.1811111,44.513611100000006
694,1997,,2019,1093499.0,40.1811111,44.513611100000006
695,1991,,2010,1093499.0,40.1811111,44.513611100000006
696,1981,,2006,1093499.0,40.1811111,44.513611100000006
697,1958,,1984,1093499.0,40.1811111,44.513611100000006
698,1989,,2008,1093499.0,40.1811111,44.513611100000006
699,1996,,2017,1093499.0,40.1811111,44.513611100000006
700,1967,,1992,1093499.0,40.1811111,44.513611100000006
701,1977,,2008,1093499.0,40.1811111,44.513611100000006
702,1963,,1994,1093499.0,40.1811111,44.513611100000006
703,1975,,2004,1093499.0,40.1811111,44.513611100000006
704,1953,,1984,1093499.0,40.1811111,44.513611100000006
705,1984,,2009,1093499.0,40.1811111,44.513611100000006
706,1984,,2004,1093499.0,40.1811111,44.513611100000006
707,1983,,2002,1093499.0,40.1811111,44.513611100000006
708,2002,,2019,1093499.0,40.1811111,44.513611100000006
709,1991,,2009,1093499.0,40.1811111,44.513611100000006
710,1951,,1971,1093499.0,40.1811111,44.513611100000006
711,1970,2020,2001,1093499.0,40.1811111,44.513611100000006
712,1981,,2015,117157.0,44.223333,42.057778000000006
713,1961,,1995,10690.0,58.666667,17.1
714,1988,,2013,,23.6,72.95
727,1969,,2010,,34.741111,67.737778
740,1987,,2008,,34.741111,67.737778
753,1972,,2003,,34.741111,67.737778
766,1967,,1993,,34.741111,67.737778
779,1985,,2003,,34.741111,67.737778
792,1964,,2003,,34.741111,67.737778
805,1963,2017,1997,,34.741111,67.737778
818,2000,,2019,347572.0,21.380833300000003,-77.9169444
822,1960,,2001,347572.0,21.380833300000003,-77.9169444
826,1945,,1977,,53.3,141.466667
828,1976,,1993,1938.0,48.15,20.25
829,1974,,2009,,-34.5875,-58.6725
1143,1981,,2002,,-34.5875,-58.6725
1300,1970,,2013,,-34.5875,-58.6725
1457,1966,,1998,,-34.5875,-58.6725
1614,1992,,2017,,-34.5875,-58.6725
1771,1985,,2008,,-34.5875,-58.6725
1928,1990,,2009,,-34.5875,-58.6725
2085,1975,,2003,,-34.5875,-58.6725
2242,1986,,2014,,-34.5875,-58.6725
2399,1935,,1955,,-34.5875,-58.6725
2556,1998,,2016,,-34.5875,-58.6725
2713,1947,,1973,,-34.5875,-58.6725
2870,1962,,1997,,-34.5875,-58.6725
3027,1965,,2001,,-34.5875,-58.6725
3184,1967,,1995,,-34.5875,-58.6725
3341,1975,,1996,,-34.5875,-58.6725
3498,1971,,2008,,-34.5875,-58.6725
3655,1988,,2010,,12.516666699999998,-70.0166667
3685,1986,,2019,,12.516666699999998,-70.0166667
3715,1972,,2004,,12.516666699999998,-70.0166667
3745,1965,,1988,,12.516666699999998,-70.0166667
3775,1980,,2007,,12.516666699999998,-70.0166667
3805,1974,,2003,,12.516666699999998,-70.0166667
3835,1965,,1995,,12.516666699999998,-70.0166667
3865,1990,,2011,,12.516666699999998,-70.0166667
3895,1970,,1992,,49.980814,36.252718
3896,1967,,1997,,49.980814,36.252718
3897,1960,,1985,,49.980814,36.252718
3898,1983,,2001,,49.980814,36.252718
3899,1975,,2013,,49.980814,36.252718
3900,1982,,2007,,49.980814,36.252718
3901,1959,,1986,,49.980814,36.252718
3902,1992,,2008,,49.980814,36.252718
3903,1964,,1991,,49.980814,36.252718
3904,1978,,2008,,49.980814,36.252718
3905,1985,,2012,,49.980814,36.252718
3906,1988,,2006,,13.1833333,0.2
3915,1995,,2016,14799.0,64.1833333,-51.75
3916,1951,,1972,,59.716667,12.266667
3920,1990,,2007,,54.6339,85.5073
3926,1957,,1999,71258.0,44.1197222,15.2422222
3928,1986,,2019,,54.128136,79.23751800000001
3935,1965,,1990,,54.128136,79.23751800000001
3942,1947,2005,2005,,54.128136,79.23751800000001
3949,1961,,1995,,54.128136,79.23751800000001
3956,1966,,1990,,54.128136,79.23751800000001
3963,1979,,2009,,54.128136,79.23751800000001
3970,1956,,1977,,54.128136,79.23751800000001
3977,1931,2016,1956,,54.128136,79.23751800000001
3984,1931,2018,1968,,54.128136,79.23751800000001
3991,1989,,2010,,54.128136,79.23751800000001
4005,1970,,2003,,54.128136,79.23751800000001
4012,1977,,2008,,54.128136,79.23751800000001
4019,1974,,1999,,54.128136,79.23751800000001
4026,1989,,2007,,54.128136,79.23751800000001
4033,1974,,1992,,54.128136,79.23751800000001
4040,1966,,1993,,54.128136,79.23751800000001
4047,1937,,1955,,54.128136,79.23751800000001
4054,1976,,1994,,54.128136,79.23751800000001
4061,1943,,1997,,54.128136,79.23751800000001
4068,1987,,2007,,54.128136,79.23751800000001
4075,1947,,2005,,54.128136,79.23751800000001
4082,1976,,1994,,54.128136,79.23751800000001
4089,1958,,1992,,54.128136,79.23751800000001
4096,1959,,1990,,54.128136,79.23751800000001
4103,1985,,2013,,54.128136,79.23751800000001
4110,1969,,2001,65956.0,46.683333000000005,21.1
4111,1991,,2011,65956.0,46.683333000000005,21.1
4112,1987,,2007,65956.0,46.683333000000005,21.1
4113,1960,,2005,,38.0516667,58.21
4114,1968,,1999,,50.466667,4.8333330000000005
4123,1955,,1982,,50.466667,4.8333330000000005
4132,1923,2012,1951,,50.466667,4.8333330000000005
4141,2002,,2020,,50.466667,4.8333330000000005
4150,1933,,1955,,50.466667,4.8333330000000005
4168,1945,2015,1979,,50.466667,4.8333330000000005
4177,1930,,1955,,50.466667,4.8333330000000005
4186,1935,2013,1965,,50.466667,4.8333330000000005
4204,1989,,2016,,50.466667,4.8333330000000005
4213,1964,,1993,,50.466667,4.8333330000000005
4222,1984,,2004,,50.466667,4.8333330000000005
4231,1977,,2007,,50.466667,4.8333330000000005
4240,1973,,2010,,50.466667,4.8333330000000005
4249,1940,,1989,,50.466667,4.8333330000000005
4258,1980,,2001,,50.466667,4.8333330000000005
4267,1997,,2013,10381288.0,55.752222,37.615556
4313,1954,,1991,10381288.0,55.752222,37.615556
4336,1964,,1995,10381288.0,55.752222,37.615556
4359,1955,,1993,10381288.0,55.752222,37.615556
4382,1955,,1984,10381288.0,55.752222,37.615556
4405,1969,,1995,10381288.0,55.752222,37.615556
4428,1980,,2008,10381288.0,55.752222,37.615556
4451,1966,,1986,10381288.0,55.752222,37.615556
4474,1984,,2004,10381288.0,55.752222,37.615556
4497,1998,,2015,10381288.0,55.752222,37.615556
4520,1996,,2011,10381288.0,55.752222,37.615556
4543,1996,2016,2013,10381288.0,55.752222,37.615556
4566,1960,,2010,10381288.0,55.752222,37.615556
4589,1961,,1990,10381288.0,55.752222,37.615556
4612,1996,,2017,10381288.0,55.752222,37.615556
4635,1986,,2007,10381288.0,55.752222,37.615556
4658,1983,,2000,10381288.0,55.752222,37.615556
4681,1956,,1983,10381288.0,55.752222,37.615556
4704,1986,,2002,10381288.0,55.752222,37.615556
4727,1960,,1980,10381288.0,55.752222,37.615556
4750,1956,,1997,10381288.0,55.752222,37.615556
4773,1959,2012,1993,10381288.0,55.752222,37.615556
4796,1989,,2017,10381288.0,55.752222,37.615556
4819,1977,,2000,10381288.0,55.752222,37.615556
4842,1987,,2007,10381288.0,55.752222,37.615556
4865,1963,,1989,10381288.0,55.752222,37.615556
4888,1976,,2004,10381288.0,55.752222,37.615556
4911,1984,,2003,10381288.0,55.752222,37.615556
4934,1989,,2011,10381288.0,55.752222,37.615556
4957,1987,,2012,10381288.0,55.752222,37.615556
4980,1983,,2006,10381288.0,55.752222,37.615556
5026,1911,2010,1950,10381288.0,55.752222,37.615556
5049,1953,,1976,10381288.0,55.752222,37.615556
5072,1977,,1994,10381288.0,55.752222,37.615556
5095,1990,,2014,10381288.0,55.752222,37.615556
5118,1941,,1987,10381288.0,55.752222,37.615556
5141,1977,,1999,10381288.0,55.752222,37.615556
5164,1965,,1990,10381288.0,55.752222,37.615556
5187,1959,,2008,10381288.0,55.752222,37.615556
5210,1985,,2004,10381288.0,55.752222,37.615556
5233,1972,,2004,10381288.0,55.752222,37.615556
5256,1988,,2011,10381288.0,55.752222,37.615556
5279,1998,,2017,10381288.0,55.752222,37.615556
5302,1964,,1993,10381288.0,55.752222,37.615556
5325,1945,2012,1976,10381288.0,55.752222,37.615556
5348,1985,,2001,10381288.0,55.752222,37.615556
5371,1979,,2006,10381288.0,55.752222,37.615556
5394,2000,,2017,10381288.0,55.752222,37.615556
5417,1974,,1998,10381288.0,55.752222,37.615556
5463,1921,2010,1950,10381288.0,55.752222,37.615556
5486,1973,,1995,10381288.0,55.752222,37.615556
5509,1933,2018,1961,10381288.0,55.752222,37.615556
5532,1998,,2018,10381288.0,55.752222,37.615556
5555,1960,2000,1989,10381288.0,55.752222,37.615556
5578,1963,,1994,10381288.0,55.752222,37.615556
5601,1976,,1994,10381288.0,55.752222,37.615556
5624,1995,,2013,,-11.266666699999998,-68.0333333
5629,1985,,2013,,-11.266666699999998,-68.0333333
5634,1962,,1994,517798.0,38.716667,-9.133333
5653,1970,,1995,20301.0,48.695029,2.307355
5654,1971,,2008,43539.0,49.2,7.6
5655,1925,2006,1954,43539.0,49.2,7.6
5656,1968,,2009,15517.0,42.6966667,41.4783333
5657,1951,2017,1986,,-6.691,111.5622
5660,1967,,1990,,4.506587000000001,-75.986149
5666,1982,,1999,,4.506587000000001,-75.986149
5672,1987,,2016,,4.506587000000001,-75.986149
5678,1978,,2008,,4.506587000000001,-75.986149
5684,1986,,2002,,48.567046000000005,39.31706
5685,1991,,2013,,48.567046000000005,39.31706
5686,1974,,2005,,48.567046000000005,39.31706
5687,1962,,1990,,48.567046000000005,39.31706
5688,1961,,1995,984336.0,52.466667,-1.916667
5703,1960,,1986,113907.0,64.15,-21.95
5704,1993,,2013,113907.0,64.15,-21.95
5705,1963,,1985,113907.0,64.15,-21.95
5706,1982,2018,2011,113907.0,64.15,-21.95
5707,1935,,1958,113907.0,64.15,-21.95
5708,1956,,1985,113907.0,64.15,-21.95
5709,1960,,1986,113907.0,64.15,-21.95
5710,1947,,1975,113907.0,64.15,-21.95
5711,1975,,2007,113907.0,64.15,-21.95
5712,1981,,2018,113907.0,64.15,-21.95
5713,1986,,2013,332088.0,42.15,24.75
5714,1931,2000,1961,332088.0,42.15,24.75
5715,1970,,2002,332088.0,42.15,24.75
5716,1933,,1964,332088.0,42.15,24.75
5717,1964,,1998,332088.0,42.15,24.75
5718,1972,2013,2004,332088.0,42.15,24.75
5719,1937,2000,1963,332088.0,42.15,24.75
5720,1985,,2006,1049516.0,41.725,44.7908333
5721,1984,,2006,1049516.0,41.725,44.7908333
5722,1980,,2009,1049516.0,41.725,44.7908333
5723,1960,,1988,1049516.0,41.725,44.7908333
5724,1988,,2004,1049516.0,41.725,44.7908333
5725,1979,,2009,1049516.0,41.725,44.7908333
5726,1944,,1977,1049516.0,41.725,44.7908333
5727,1960,,1992,1049516.0,41.725,44.7908333
5728,1985,,2002,1049516.0,41.725,44.7908333
5729,1947,,1977,1049516.0,41.725,44.7908333
5730,1970,,1994,1049516.0,41.725,44.7908333
5731,1990,,2010,1049516.0,41.725,44.7908333
5732,1978,,1997,1049516.0,41.725,44.7908333
5733,1986,,2005,1049516.0,41.725,44.7908333
5735,1989,,2008,1049516.0,41.725,44.7908333
5736,1980,,2005,1049516.0,41.725,44.7908333
5737,1959,,1991,1049516.0,41.725,44.7908333
5738,1950,,1988,1049516.0,41.725,44.7908333
5739,1957,,1984,1049516.0,41.725,44.7908333
5740,1993,,2014,50438.0,4.732444999999999,-74.26419200000001
5760,1973,,2006,50438.0,4.732444999999999,-74.26419200000001
5780,1970,,1995,50438.0,4.732444999999999,-74.26419200000001
5800,1998,,2014,1129289.0,55.0,73.4
5801,1983,,2001,1129289.0,55.0,73.4
5802,1972,,1995,1129289.0,55.0,73.4
5803,1944,2011,1975,1129289.0,55.0,73.4
5804,1968,,2007,1129289.0,55.0,73.4
5805,1988,,2008,,53.666667,10.833333
5860,2001,,2017,4227.0,42.85,-80.5
5875,1995,,2012,4227.0,42.85,-80.5
5890,2004,,2019,4227.0,42.85,-80.5
5905,1961,,1994,,43.25,76.95
5907,1960,2004,1992,539622.0,53.7557,87.1099
5908,1974,,1990,539622.0,53.7557,87.1099
5909,1966,,2003,539622.0,53.7557,87.1099
5910,1966,,2000,,51.434167,-3.237778
5915,1964,,1994,9797536.0,41.018611,28.964722
5916,1922,,1952,,-9.4916,119.0063
5924,1978,,1997,,49.798889,73.09944399999999
5926,1987,,2009,,49.798889,73.09944399999999
5928,1983,,2003,1742123.0,53.9,27.566666700000003
5931,1949,,1995,1742123.0,53.9,27.566666700000003
5934,1968,,1989,1742123.0,53.9,27.566666700000003
5937,1994,,2013,1742123.0,53.9,27.566666700000003
5940,1949,2017,1980,1742123.0,53.9,27.566666700000003
5943,1962,,2004,1742123.0,53.9,27.566666700000003
5946,1985,,2011,1742123.0,53.9,27.566666700000003
5949,1975,,1995,1742123.0,53.9,27.566666700000003
5952,1990,,2011,1742123.0,53.9,27.566666700000003
5955,1978,,2006,1742123.0,53.9,27.566666700000003
5958,1971,,1999,1742123.0,53.9,27.566666700000003
5961,1985,,2006,1742123.0,53.9,27.566666700000003
5964,1989,,2007,1742123.0,53.9,27.566666700000003
5967,1988,,2012,,-21.3833333,-66.1333333
5980,1976,,2004,,-21.3833333,-66.1333333
5993,1994,,2017,,-21.3833333,-66.1333333
6006,1989,,2007,,-25.516667,-54.61666700000001
6007,1983,,1997,15466.0,51.233333,4.8333330000000005
6012,1969,,1999,28341.0,46.3,23.716667
6013,1999,,2015,1881977.0,43.850833,126.560278
6017,1978,,1998,,50.433333000000005,30.516667
6018,1991,,2013,,50.433333000000005,30.516667
6019,1936,2002,1967,,50.433333000000005,30.516667
6020,1972,,1993,,50.433333000000005,30.516667
6021,1984,,2008,,50.433333000000005,30.516667
6022,1977,,1999,,50.433333000000005,30.516667
6023,1950,,2011,,50.433333000000005,30.516667
6025,1964,,2007,,50.433333000000005,30.516667
6026,1969,,2007,,50.433333000000005,30.516667
6027,1955,,2005,,50.433333000000005,30.516667
6028,1966,,1994,,50.433333000000005,30.516667
6029,1998,,2017,,50.433333000000005,30.516667
6030,1975,,2001,,50.433333000000005,30.516667
6031,1949,,1973,,55.5781,59.3258
6033,1990,,2019,60768.0,47.85,12.133333
6035,1941,1998,1976,,5.23839,-72.678678
6058,1974,,2004,,5.23839,-72.678678
6081,1982,,2010,,5.23839,-72.678678
6104,1966,,1999,,43.35,25.3333333
6110,1989,,2011,18711.0,45.993056,18.683056
6111,1951,,1973,18711.0,45.993056,18.683056
6112,1992,,2016,57239.0,-20.916667,-47.0
6113,1986,,2011,,14.1008,122.956
6119,1972,,2010,,13.270556,123.443056
6136,1936,2016,1967,179430.0,48.1,20.783333
6137,1966,,1989,29849.0,54.754722,61.32083299999999
6138,1957,,1986,,43.8955556,19.2711111
6140,1958,,1997,,43.8955556,19.2711111
6142,1986,,2011,,-12.05,-68.15
6152,1975,,2009,,-12.05,-68.15
6162,1989,,2018,,-12.05,-68.15
6172,1954,2021,1992,,-12.05,-68.15
6182,1966,,2000,,50.054444,72.94833299999999
6187,1988,,2018,,50.054444,72.94833299999999
6192,1970,2009,1999,,50.054444,72.94833299999999
6197,1963,,2009,,50.054444,72.94833299999999
6202,1995,,2014,,50.054444,72.94833299999999
6207,1985,,2005,,18.1333333,-76.55
6226,1998,,2021,,18.1333333,-76.55
6245,1982,,2006,,18.1333333,-76.55
6264,1955,,1980,,18.1333333,-76.55
6283,1991,,2020,,18.1333333,-76.55
6302,1977,,1998,,18.1333333,-76.55
6321,1993,,2019,,18.1333333,-76.55
6340,1989,,2009,,18.1333333,-76.55
6359,1978,,2008,,18.1333333,-76.55
6378,1966,,1991,,22.3636111,91.8033333
6379,1962,,2003,57160.0,3.1001,98.4908
6380,1997,,2018,28562.0,45.775278,12.038889
6381,1987,,2012,,47.9166667,106.9166667
6382,1977,,1997,,48.683333000000005,8.35
6386,1953,,1975,,49.840661,24.030451
6387,1983,,2011,,49.840661,24.030451
6388,1971,,1996,,49.840661,24.030451
6389,1973,,2001,,49.840661,24.030451
6390,1993,,2011,,49.840661,24.030451
6391,1990,,2009,,49.840661,24.030451
6392,1986,,2006,,49.840661,24.030451
6393,1989,,2007,,49.840661,24.030451
6394,1958,,1998,,49.840661,24.030451
6395,1954,,1978,,49.840661,24.030451
6396,1986,,2005,,49.840661,24.030451
6397,1952,,1976,,49.840661,24.030451
6398,1961,,1994,,49.840661,24.030451
6399,1972,,2000,,49.840661,24.030451
6400,1986,,2001,,49.840661,24.030451
6401,1991,,2009,,49.840661,24.030451
6402,1988,,2008,,49.840661,24.030451
6403,1993,,2009,,49.840661,24.030451
6404,1998,,2018,,50.25,5.383333
6408,1950,,1978,,-16.6666667,-68.0333333
6461,1984,,2003,22131.0,55.911315,39.079457
6462,1928,2019,1958,,-28.583333000000003,151.816667
6464,1990,,2008,63223.0,57.716667,12.916667
6465,1981,,2004,32639.0,58.4,13.85
6466,1985,,2002,,34.318408000000005,64.125093
6485,1994,,2014,,48.291488,25.940341
6487,1952,,1978,282190.0,50.264868,28.676691
6488,1962,,1991,282190.0,50.264868,28.676691
6489,1972,,1998,74840.0,49.948056,11.578333
6490,1984,,2008,,12.133333300000002,-68.2166667
6633,1987,,2012,,12.133333300000002,-68.2166667
6776,1984,,2005,,12.133333300000002,-68.2166667
6919,1990,,2007,25527.0,50.9,14.833332999999998
6921,1961,,1990,120745.0,48.4,10.0
6927,1958,,2003,696726.0,43.85,18.3833333
6928,1985,,2005,696726.0,43.85,18.3833333
6929,1975,,2011,758597.0,10.311111,123.891667
6930,1950,,1978,729139.0,37.9833333,23.7333333
6954,1964,,1990,729139.0,37.9833333,23.7333333
6978,1966,,2004,142484.0,44.5427778,18.6694444
6997,1968,,1993,377407.0,49.2,16.633333
6998,1978,,2004,377407.0,49.2,16.633333
6999,1974,,2000,377407.0,49.2,16.633333
7000,1980,,2001,37744.0,50.27916,19.563162
7001,1988,,2006,37744.0,50.27916,19.563162
7002,1990,,2013,,61.883056,13.75
7010,1963,,1992,,61.883056,13.75
7018,1969,,1989,,61.883056,13.75
7026,1955,,1982,,61.883056,13.75
7050,1953,,1990,,61.883056,13.75
7058,1997,,2015,42036.0,52.033333,8.9
7059,1988,,2004,,58.582595,50.537564
7063,1982,,2003,1419016.0,55.0415,82.9346
7064,1959,,1993,1419016.0,55.0415,82.9346
7065,1964,,1989,1419016.0,55.0415,82.9346
7066,1959,,1984,1419016.0,55.0415,82.9346
7067,1986,,2007,1419016.0,55.0415,82.9346
7068,1986,,2009,1419016.0,55.0415,82.9346
7069,1990,,2020,90251.0,54.7551,83.0967
7070,1993,2020,2017,,46.463934,30.738551
7081,1984,,2004,,46.463934,30.738551
7092,1956,,1986,,46.463934,30.738551
7103,1987,,2009,,46.463934,30.738551
7114,1925,1998,1952,,46.463934,30.738551
7125,1970,,1996,,46.463934,30.738551
7136,1983,,2013,,46.463934,30.738551
7147,1950,2011,1986,,46.463934,30.738551
7158,1960,,1992,,46.463934,30.738551
7169,1950,,1978,,46.463934,30.738551
7180,1980,,2006,,46.463934,30.738551
7191,1946,,1972,,46.463934,30.738551
7202,1991,,2009,120366.0,48.883333,8.7
7203,1977,,2008,,43.2766667,26.929166700000003
7204,1958,,1990,,43.2766667,26.929166700000003
7205,1995,,2014,73426.0,52.51764,5.473989
7206,1987,,2011,73426.0,52.51764,5.473989
7213,1995,2016,2011,,47.23135,39.723284
7214,1979,,2000,,47.23135,39.723284
7215,1988,,2007,,47.23135,39.723284
7216,1984,,2009,,47.23135,39.723284
7217,1983,,2007,,47.23135,39.723284
7218,1990,,2007,,47.23135,39.723284
7219,1923,2005,1965,,47.23135,39.723284
7220,1994,,2014,,47.23135,39.723284
7222,1997,,2019,,47.23135,39.723284
7227,1944,,1975,558457.0,60.17555600000001,24.934167
7229,1966,,2004,,8.283333,-76.05
7234,1996,,2015,,48.980833,39.728611
7245,1997,,2014,,-10.326828,15.012813
7249,1997,,2017,,-10.326828,15.012813
7253,1993,,2015,,-10.326828,15.012813
7257,1988,,2008,,43.6822222,18.4869444
7270,1950,,1993,,26.616666700000003,31.6833333
7280,1988,,2008,,48.283333,12.6
7281,1974,,2009,7312.0,43.2586111,18.1133333
7282,1966,,2005,,-34.62749,-58.515041
7297,1988,,2007,,45.2816667,18.5425
7298,1982,,2014,152975.0,51.2,6.683333
7299,1924,2006,1950,,52.733333,79.266667
7301,1949,2015,1970,4394585.0,-33.861481,151.205475
7308,1992,,2016,4394585.0,-33.861481,151.205475
7315,1989,,2010,,45.816667,10.066667
7316,1967,,1994,123018.0,46.916667,7.466667
7322,1996,,2017,123018.0,46.916667,7.466667
7328,1982,,2008,,35.897646,69.483287
7336,1985,,2000,1642245.0,36.098611,120.371944
7338,1992,,2013,1642245.0,36.098611,120.371944
7340,1989,,2011,1642245.0,36.098611,120.371944
7342,1981,,2007,27323.0,49.351111,8.689444
7344,1937,,1976,221100.0,44.7758333,17.1855556
7345,1982,,2003,22470.0,44.83,78.82388900000001
7353,1990,,2015,24324.0,51.622291,5.4403440000000005
7354,1946,2017,2007,374655.0,54.9,23.9
7355,1998,,2020,374655.0,54.9,23.9
7356,1969,,2013,374655.0,54.9,23.9
7357,1988,,2010,,11.85,38.016667
7377,1959,,2005,,-13.0833333,-65.33333329999999
7520,1957,,1991,,-13.0833333,-65.33333329999999
7663,1996,,2017,,-13.0833333,-65.33333329999999
7811,1990,,2004,,59.285833,10.418056
7812,1982,,2007,,8.850483,-75.60780799999999
7824,1992,,2007,,9.55,1.5166667
7842,1976,,2009,,56.78625699999999,40.152759
7845,1945,,1985,,44.7008333,16.6844444
7847,1958,,1991,,44.7008333,16.6844444
7849,1986,,2010,,44.7008333,16.6844444
7851,1964,,1988,,44.7008333,16.6844444
7853,1965,,1997,,44.7008333,16.6844444
7855,1971,,2001,137364.0,45.779657,3.086281
7856,1988,,2010,320994.0,54.7818,32.0401
7857,1983,,2003,,22.569722,88.369722
7858,1983,,2003,,22.569722,88.369722
7859,1998,,2016,,22.569722,88.369722
7860,1982,,2006,,22.569722,88.369722
7861,1986,,2018,,22.569722,88.369722
7862,1982,,2013,,22.569722,88.369722
7863,1960,,1983,5428.0,-32.555882000000004,148.945084
7897,1983,,2006,,-7.45,-72.466667
7905,1975,,1998,,-7.45,-72.466667
7913,1954,,1985,,-7.45,-72.466667
7921,1978,,2012,98036.0,53.8833333,25.2997222
7939,1974,,1997,132542.0,43.4166667,24.6166667
7940,1988,,2008,132542.0,43.4166667,24.6166667
7941,1938,,1979,132542.0,43.4166667,24.6166667
7942,1986,,2004,50735.0,42.0166667,24.8666667
7943,1969,,2004,344603.0,64.5401,40.5433
7951,1965,,2008,344603.0,64.5401,40.5433
7959,1985,,2011,344603.0,64.5401,40.5433
7967,1986,,2009,344603.0,64.5401,40.5433
7975,1957,2017,1987,344603.0,64.5401,40.5433
7983,1989,,2011,52256.0,55.960556,38.045556
7986,1996,,2016,477096.0,55.333333,86.083333
7987,1985,,2003,477096.0,55.333333,86.083333
7988,1961,,1987,477096.0,55.333333,86.083333
7989,1991,,2009,1877155.0,44.433333000000005,26.1
7991,1991,,2015,1877155.0,44.433333000000005,26.1
7992,1944,,1965,1877155.0,44.433333000000005,26.1
7993,1934,2008,1986,1877155.0,44.433333000000005,26.1
7994,1975,,1994,1877155.0,44.433333000000005,26.1
7995,1984,,2007,1877155.0,44.433333000000005,26.1
7996,1965,,1993,1877155.0,44.433333000000005,26.1
7997,1976,,1993,1877155.0,44.433333000000005,26.1
7998,1947,,1978,1877155.0,44.433333000000005,26.1
7999,1983,,2010,1877155.0,44.433333000000005,26.1
8000,1978,2012,2008,,36.729948,67.696214
8028,1974,,1994,,36.729948,67.696214
8056,1969,,2001,,44.5783333,16.2063889
8061,1983,,2005,,44.5783333,16.2063889
8066,1935,2014,1965,194405.0,45.251667,19.836944
8068,1979,,2011,194405.0,45.251667,19.836944
8069,1976,,2013,474887.0,42.0,21.4333333
8070,1961,,1996,474887.0,42.0,21.4333333
8071,1967,,1991,,-32.966667,149.866667
8075,1991,,2008,,-9.292502,16.171227
8133,1995,,2010,,-9.292502,16.171227
8191,1999,,2018,,-9.292502,16.171227
8249,1992,,2012,,-9.292502,16.171227
8307,1999,,2018,,-9.292502,16.171227
8365,1943,,1978,,-9.292502,16.171227
8423,1967,,1992,,-9.292502,16.171227
8481,1985,,2008,22658.0,44.808446,-0.548086
8482,1987,,2009,186997.0,22.4175,-83.6980556
8484,1981,,2011,,-16.8833333,-65.1166667
8508,1956,,1990,,-16.8833333,-65.1166667
8532,1987,,2015,,-20.183333,-42.4
8569,1983,,2007,,-20.183333,-42.4
8606,1979,,2007,,49.696431,17.206068
8608,1980,,2003,106033.0,51.210062,16.161898
8609,1910,2000,1986,,-33.35709,149.981476
8639,1979,,2014,91783.0,51.370837,6.175101000000001
8641,1956,,1989,91783.0,51.370837,6.175101000000001
8643,1961,,1989,19340.0,45.241111,19.71
8644,1986,,2011,,52.744989,22.836066
8649,1990,,2007,,52.744989,22.836066
8654,1934,,1964,,52.566667,13.4
8657,1991,,2013,111560.0,28.6535,57.7646
8658,1997,,2016,,6.5833330000000005,38.6
8661,1965,,1990,1033350.0,54.785167,56.045621
8664,1972,,1993,1033350.0,54.785167,56.045621
8667,1970,,1998,,33.609241,69.322934
8698,1999,,2015,,33.609241,69.322934
8729,1960,,1993,,-27.966667,153.4
8742,1993,,2013,,23.8333333,89.95
8744,1957,,1985,17669.0,5.152643,-75.03623499999999
8758,1971,,1998,93835.0,50.723907,3.161168
8759,1958,,1999,,42.050305,-4.131036
8760,1971,,1997,1062065.0,42.6833333,23.3166667
8769,1968,,1993,1062065.0,42.6833333,23.3166667
8778,1949,,1977,1062065.0,42.6833333,23.3166667
8787,1973,,2002,1062065.0,42.6833333,23.3166667
8796,1943,,1976,1062065.0,42.6833333,23.3166667
8805,1979,,2002,1062065.0,42.6833333,23.3166667
8814,1990,,2017,,17.05,-61.7333333
8818,1934,2012,1999,14478.0,48.316667,21.583333
8819,1987,,2013,,43.251111,76.431944
8824,1996,,2018,,43.251111,76.431944
8829,1992,,2020,,56.884421,41.414817
8838,1979,,1998,122034.0,41.3230556,19.4413889
8839,1990,,2009,,-14.266667000000002,12.383333
8865,1933,2010,1974,,-3.913889,-70.173611
8914,1994,,2016,,-3.913889,-70.173611
8963,1992,,2009,865672.0,27.999416,120.66682
8965,1963,,1990,865672.0,27.999416,120.66682
8967,1976,,2001,865672.0,27.999416,120.66682
8969,1958,,1988,164422.0,44.2013889,17.9063889
8971,1970,,1996,12585.0,60.88333299999999,11.566667
8972,1964,,1988,,51.0178,84.3942
8978,1964,,2012,,56.367222,84.090278
8981,1980,,2003,121822.0,49.140278,9.22
8984,1989,,2016,59372.0,48.99365,2.410771
8985,1999,,2018,1569315.0,48.2,16.366667
9023,1959,,1988,1569315.0,48.2,16.366667
9042,1968,,2003,1569315.0,48.2,16.366667
9061,1969,,1989,,46.617222,42.258056
9064,1977,,2011,50336.0,42.6166667,25.4
9065,1992,,2010,,40.589722,49.668611
9066,1995,,2020,,40.589722,49.668611
9067,1985,,2002,,40.589722,49.668611
9072,1928,2009,1955,1154508.0,50.083333,14.466667
9076,1942,,1974,1154508.0,50.083333,14.466667
9080,1943,2021,1966,1154508.0,50.083333,14.466667
9084,1950,,1987,1154508.0,50.083333,14.466667
9088,1985,,2002,1154508.0,50.083333,14.466667
9092,1958,,1999,1154508.0,50.083333,14.466667
9096,1958,,1990,35960.0,49.03705,28.112013
9097,1976,,2004,863734.0,51.540556,46.008611
9098,1930,,1964,863734.0,51.540556,46.008611
9099,1964,,2000,863734.0,51.540556,46.008611
9100,1981,,2004,863734.0,51.540556,46.008611
9101,1987,,2005,863734.0,51.540556,46.008611
9102,1980,,2006,497967.0,42.976378,47.502356
9103,1971,,1997,497967.0,42.976378,47.502356
9104,1990,,2009,86639.0,46.583333,0.333333
9105,1962,,1987,394023.0,59.4338889,24.7280556
9107,1967,,1997,394023.0,59.4338889,24.7280556
9108,1985,,2010,,-21.35,-55.233333
9117,1989,,2018,,43.7627778,23.5016667
9119,2002,,2020,1733846.0,53.55,10.0
9145,1979,,2003,1733846.0,53.55,10.0
9171,1971,,2018,1733846.0,53.55,10.0
9197,1997,,2020,1733846.0,53.55,10.0
9223,1970,,1998,1733846.0,53.55,10.0
9249,1979,,2017,,42.822423,-2.474903
9255,2003,,2018,228770.0,18.433333,79.15
9258,1960,,1990,,56.55,13.483332999999998
9262,1977,,2014,,-17.5,-58.0666667
9282,1986,,2010,758603.0,36.908118,30.695565
9283,1949,,1983,23931.0,50.65,12.2
9284,1985,,2005,,51.528333,69.79722199999999
9287,1996,,2017,,27.666276,120.050495
9294,1960,,1993,,27.666276,120.050495
9301,2000,,2019,,-33.916667,151.2
9330,1972,,1995,,53.9138889,30.3363889
9331,1968,,2007,,53.9138889,30.3363889
9333,1991,,2007,,48.377891,1.995153
9335,1983,,2011,,48.377891,1.995153
9337,1961,,2007,,29.533333,94.416667
9355,1962,,2003,,40.046198,-7.951824
9356,1954,,1986,,-30.266667,-61.36666700000001
9363,1983,,2018,18740.0,6.699027,-72.732327
9369,1995,,2017,,-34.333333,138.73333300000002
9376,1994,,2018,,-9.645056,14.262473000000002
9394,1988,,2007,461312.0,-26.3,-48.833333
9398,1969,,2009,,34.0280556,-88.17
9406,2003,,2018,,33.015158,67.52998000000001
9409,1943,2008,1958,,17.8,-88.3
9418,1973,,2007,,44.957186,34.110787
9419,1990,,2003,,44.957186,34.110787
9420,1975,,1994,,44.957186,34.110787
9421,1959,,1987,339240.0,52.63333299999999,-1.133333
9429,1958,,1992,339240.0,52.63333299999999,-1.133333
9438,1986,,2020,10437.0,43.2,-80.383333
9481,1984,,2007,10437.0,43.2,-80.383333
9524,1995,,2016,10437.0,43.2,-80.383333
9567,1978,,1998,10437.0,43.2,-80.383333
9610,1962,,1995,10437.0,43.2,-80.383333
9653,1964,,1990,10437.0,43.2,-80.383333
9696,1986,,2008,10437.0,43.2,-80.383333
9739,1990,,2009,,-10.9,-66.1
9758,1982,,2008,,-34.083333,-59.166667
9866,1984,,2010,51383.0,46.514167,16.971667
9867,1991,,2013,18242.0,46.526389,18.985833
9869,1969,,2003,75998.0,47.183333000000005,20.2
9871,1976,,2001,,34.092398,67.36895799999999
9889,1937,2000,1967,,34.092398,67.36895799999999
9907,1945,,1986,,34.092398,67.36895799999999
9925,1994,,2017,,34.092398,67.36895799999999
9943,1937,2002,1980,,34.092398,67.36895799999999
9961,1994,,2017,,34.092398,67.36895799999999
9979,1985,,2001,,34.092398,67.36895799999999
9997,1940,,2002,,34.092398,67.36895799999999
10015,1967,,1991,,34.092398,67.36895799999999
10033,1972,,1990,,34.092398,67.36895799999999
10069,1963,2006,1990,,34.092398,67.36895799999999
10105,1986,,2007,718495.0,53.5303,49.3461
10106,1957,,1980,423737.0,48.15,17.1166667
10107,1990,,2016,423737.0,48.15,17.1166667
10108,1964,,1992,423737.0,48.15,17.1166667
10109,1931,2011,1990,,44.7375,16.988055600000003
10112,1979,,1994,,44.7375,16.988055600000003
10115,1983,,2003,,44.7375,16.988055600000003
10119,1982,,2009,,40.0672222,44.436111100000005
10121,1997,,2016,67315.0,19.566667,74.216667
10122,1985,,2006,49042.0,51.966667,20.15
10123,1964,,1990,,17.9833333,-88.4333333
10175,1948,,1976,,17.9833333,-88.4333333
10201,1958,,1990,,17.9833333,-88.4333333
10227,1963,,1994,,17.9833333,-88.4333333
10253,1984,,2000,,17.9833333,-88.4333333
10279,1955,,1978,,17.9833333,-88.4333333
10305,1956,,1980,,17.9833333,-88.4333333
10331,1953,,1977,,17.9833333,-88.4333333
10357,1941,,1978,73014.0,42.5013889,41.8613889
10358,1971,2002,1996,66796.0,41.327836,2.094718
10359,1953,,1985,684318.0,-34.921454,-57.954533
10381,1995,,2018,,-20.8,-65.9333333
10390,1989,,2008,,-20.8,-65.9333333
10399,1957,2016,1984,,47.214444,29.161389
10400,1970,,1997,38496.0,53.707908,16.699373
10401,1965,,1985,,41.4,23.2166667
10403,1987,,2011,,41.4,23.2166667
10405,1958,,1988,,42.2,24.3333333
10406,1955,,1988,,42.2,24.3333333
10407,1969,,2012,,42.2,24.3333333
10408,1975,,2000,,42.1833333,26.6666667
10411,1985,,2010,,42.1833333,26.6666667
10414,1982,,2001,,27.458447,55.476238
10417,1980,,2007,,27.458447,55.476238
10420,1985,,2005,,27.458447,55.476238
10423,2001,,2018,,27.458447,55.476238
10426,1975,,2007,,37.2186111,44.2375
10429,2001,,2020,,37.513221,70.386475
10481,1971,,2006,,48.468928000000005,38.816689
10482,1997,,2019,4272.0,13.416667000000002,75.25
10483,1963,,1993,1062931.0,55.15444399999999,61.429722
10484,1985,2013,2003,1062931.0,55.15444399999999,61.429722
10485,1990,,2018,1062931.0,55.15444399999999,61.429722
10486,1953,2009,1980,1062931.0,55.15444399999999,61.429722
10487,1988,,2010,1062931.0,55.15444399999999,61.429722
10488,1950,,1977,1062931.0,55.15444399999999,61.429722
10489,1988,,2014,,56.153423,10.22553
10490,1967,,1996,10854.0,45.9,12.0
10491,1983,,2020,3547809.0,1.2930556,103.8558333
10493,1963,,1999,3547809.0,1.2930556,103.8558333
10495,1990,,2011,1424701.0,38.08,46.2919
10496,1958,,2004,,-30.189847,-61.181353
10499,1988,,2010,71527.0,47.584941,18.393253
10500,1969,,2008,,14.6488,121.0509
10501,1986,,2011,,14.6488,121.0509
10502,1972,,2008,54365.0,22.5269444,-81.12861109999999
10503,1981,,2009,,23.0766667,-82.43
10504,1986,,2009,104783.0,53.55,-2.116667
10512,1990,,2012,649860.0,45.0488,38.9725
10514,1986,,2007,649860.0,45.0488,38.9725
10516,1973,,1991,649860.0,45.0488,38.9725
10518,1971,,1994,649860.0,45.0488,38.9725
10520,1998,,2018,,51.586838,16.357253
10523,1983,,2012,,49.575785,1.954912
10527,1967,,1986,16509.0,-16.6227778,-72.7111111
10528,1993,,2010,,49.983333,-124.766667
10566,1981,,2014,27734.0,44.054413,5.047716
10567,1913,1998,1960,407636.0,-27.795112,-64.261489
10568,1994,,2013,1837230.0,22.716667,75.833333
10570,1974,,2005,,39.775556,47.618611
10571,1947,,1976,196719.0,50.983333,11.033333
10573,1987,,2012,196719.0,50.983333,11.033333
10575,1969,,1994,196719.0,50.983333,11.033333
10577,1956,,1990,196719.0,50.983333,11.033333
10579,1989,,2013,319266.0,68.979174,33.092514
10580,1973,,1998,319266.0,68.979174,33.092514
10581,1973,,2003,319266.0,68.979174,33.092514
10582,1989,,2008,326454.0,25.35,74.633333
10583,1933,2008,1970,10091.0,42.0225,43.555555600000005
10585,1978,,2006,4533.0,42.216666700000005,24.0166667
10601,1984,,2014,,35.1938889,-0.6413889
10602,1972,,1994,,44.8,-62.7
10607,1990,,2009,,48.916667,15.133333
10634,1960,2009,1994,555368.0,-7.556111,110.831667
10638,1991,,2011,,-6.2066,106.8357
10644,2000,,2019,,-6.2066,106.8357
10650,1981,,2007,,53.6,-3.0333330000000003
10651,1968,,2015,108228.0,50.866667,8.033333
10654,1971,,2000,,13.1,-59.5833333
10656,1981,,2009,,42.55,43.4
10662,1985,,2006,,48.645144,14.434162
10669,1994,,2020,,48.645144,14.434162
10676,1939,,1973,21217.0,52.083333,13.166667000000002
10677,1964,,1991,,57.816667,16.7
10680,1975,,2004,,57.816667,16.7
10683,1970,,1999,,57.816667,16.7
10686,1957,,1988,,57.816667,16.7
10689,1992,,2016,10657.0,47.562979,7.780108
10691,2003,,2019,,6.462222,-74.873611
10699,1956,,1982,2884.0,54.4,-126.65
10723,1970,,1995,21258.0,22.216667,-98.4
10725,1949,,1978,555878.0,20.0247222,-75.8219444
10726,1985,,2009,555878.0,20.0247222,-75.8219444
10727,1978,,2009,,39.449974,-2.67394
10728,1963,,1991,1246133.0,48.15,11.5833
10732,1997,,2013,1246133.0,48.15,11.5833
10736,1968,,1992,1246133.0,48.15,11.5833
10740,1965,,1988,272337.0,50.083333,8.25
10741,1983,,2017,317266.0,28.9,76.56666700000001
10742,1980,,2007,,-5.65,142.4666667
10744,1993,,2018,,-5.65,142.4666667
10746,1970,,2009,,53.63333299999999,7.633333
10749,1957,,2001,1089958.0,55.666667,12.583333
10753,1952,,2012,1089958.0,55.666667,12.583333
10757,1965,,1996,1089958.0,55.666667,12.583333
10761,1993,,2012,,41.7333333,-94.60388890000002
10763,1971,,2008,,3.216667,-51.233333
10773,1948,,1971,,3.216667,-51.233333
10783,1982,,2018,,3.216667,-51.233333
10794,1944,,1965,,49.773189,15.981913
10796,1972,,2006,156661.0,46.075363,18.232845
10797,1987,,2011,156661.0,46.075363,18.232845
10798,1981,,2008,6493177.0,23.7230556,90.4086111
10804,1966,,1987,6493177.0,23.7230556,90.4086111
10810,1994,,2008,,30.947222,116.580556
10825,1978,,2018,148383.0,40.7894444,43.8475
10826,1974,,2004,148383.0,40.7894444,43.8475
10827,1990,,2007,,-36.216667,148.666667
10831,1967,,1995,,46.033333,-78.466667
10844,1951,2015,1976,,43.64194439999999,17.9375
10848,1975,,2018,,43.64194439999999,17.9375
10852,1969,,1994,,43.64194439999999,17.9375
10856,1980,,2002,,43.64194439999999,17.9375
10860,1962,2019,2000,,43.64194439999999,17.9375
10864,1977,,2005,,51.181111,71.427778
10865,1966,,2005,,51.181111,71.427778
10866,1995,,2014,854980.0,31.3203,48.6693
10868,1987,,2007,,52.9,141.066667
10870,1985,,2002,,35.503859000000006,66.583567
10872,1995,,2013,19183.0,44.985,20.160833
10873,2002,,2019,147283.0,11.35,77.733333
10874,1956,,1982,,42.2666667,23.1166667
10875,1986,,2008,,33.486827000000005,63.274545
10885,1974,,1996,,33.486827000000005,63.274545
10895,1979,,1999,,33.486827000000005,63.274545
10905,1969,,1988,6774.0,49.104411,25.910256
10906,1956,,1991,6487.0,54.1721,74.6946
10907,1946,,1978,,42.392222,18.9225
10908,1936,2005,1976,,42.392222,18.9225
10909,1984,,2002,10796.0,42.3241667,42.43
10910,1973,,2002,19238.0,49.884086,19.491489
10911,1979,,2011,40518.0,51.524517,5.975006
10912,1990,,2015,,10.109167,76.36444399999999
10913,1980,,2002,,47.207295,8.298231
10914,1985,,2004,,43.8930556,18.3286111
10921,1974,,2003,,28.557778000000003,107.51
10927,1983,,2001,,35.728134999999995,69.39846899999999
10946,1980,,2002,808690.0,59.916667,10.75
10949,1993,,2018,808690.0,59.916667,10.75
10952,1997,,2017,808690.0,59.916667,10.75
10955,1993,,2016,808690.0,59.916667,10.75
10958,1959,,1995,3730212.0,-37.813938,144.963425
10969,1989,,2009,28751.0,42.1538889,42.335
10970,1987,,2007,50171.0,53.88333299999999,-1.916667
10972,1975,,2002,36466.0,52.49126,4.652082
10973,1991,,2014,,29.329547,121.058037
10982,1983,,2003,,29.329547,121.058037
10991,1998,,2019,,29.329547,121.058037
11000,1988,,2006,,29.329547,121.058037
11009,1989,,2009,414059.0,42.3,69.6
11010,1995,,2015,,49.683333000000005,10.533333
11013,1967,,1989,,49.683333000000005,10.533333
11016,1959,,1988,86250.0,49.899285,28.602346
11017,1980,,2001,57014.0,63.1,21.6
11018,1993,,2016,909988.0,9.933333,78.116667
11019,1983,,2006,909988.0,9.933333,78.116667
11020,1993,,2016,107450.0,54.193589,16.184916
11021,1983,,2006,14630.0,57.8338889,27.0194444
11022,1962,,1999,,39.677731,48.141952
11051,1959,2011,1996,,39.677731,48.141952
11080,1951,,1970,,53.583889,65.23916700000001
11084,1999,,2018,,12.933333,79.133333
11085,1992,,2013,,12.933333,79.133333
11086,1999,,2015,219591.0,10.8,79.15
11087,1947,,2008,,-33.877132,-64.688039
11133,1973,,1998,,54.1219,59.125
11135,1999,,2016,,18.3166667,-77.3833333
11136,2004,,2020,,47.833333,11.966667
11138,1990,,2007,,56.659167,93.028056
11140,1984,,2004,,56.659167,93.028056
11142,1986,,2006,107394.0,55.09680600000001,36.610064
11143,1968,2014,1992,215272.0,53.9059,86.719
11144,1984,,2004,126807.0,56.091991,54.27031899999999
11145,1985,,2011,,41.040555600000005,-74.5330556
11148,1990,,2010,,41.040555600000005,-74.5330556
11151,1998,,2020,,41.040555600000005,-74.5330556
11154,1925,2006,1960,5893.0,62.109101,42.895947
11155,1963,,1989,,51.408626,-0.042002
11157,1975,,1998,907460.0,56.0091,92.8628
11160,1982,,2010,907460.0,56.0091,92.8628
11163,1945,2008,1975,69547.0,42.0166667,23.1
11164,1956,,1983,,43.6725,19.0775
11178,1993,,2014,147736.0,52.366667,4.65
11182,1935,2010,1997,,55.30222220000001,30.3116667
11188,1953,,1975,12059.0,53.516667000000005,13.983332999999998
11189,1974,,1998,236249.0,48.291488,25.940341
11190,1982,,2007,,-8.011274,15.721837
11197,1967,,1993,20497.0,42.9,23.7833333
11198,1999,,2017,,-33.463384999999995,-62.731966
11222,1944,,1995,104517.0,43.3433333,17.8080556
11224,1987,,2002,874684.0,16.516667,80.616667
11225,1993,,2012,874684.0,16.516667,80.616667
11227,1971,,2006,,50.264868,28.676691
11228,1980,,2006,,50.264868,28.676691
11229,1976,,2004,,54.7838,45.3864
11235,1998,,2017,,41.9766667,-72.7794444
11236,1962,,1998,,44.843056,20.401111
11237,1976,,2007,,44.843056,20.401111
11238,1961,2016,2007,,44.843056,20.401111
11239,1976,,2006,,53.166667,63.583333
11241,1953,,2005,62471.0,44.270833,19.884167
11242,1942,2014,1973,62471.0,44.270833,19.884167
11279,1965,,2003,,-17.316667000000002,145.6
11315,1985,,2017,,-17.316667000000002,145.6
11351,1958,,1989,1576843.0,33.5,36.3
11365,1960,,1980,1576843.0,33.5,36.3
11379,1942,,1976,28428.0,42.6505556,18.0913889
11383,1983,,2002,,51.505507,31.284875
11384,1940,2005,1973,,51.505507,31.284875
11385,1972,,2007,456044.0,-31.629484,-60.701036
11489,1975,,1992,64235.0,44.1053,39.0802
11490,1976,,2001,44193.0,58.37472220000001,24.5136111
11491,1977,,2000,,1.966667,-54.916667
11493,1947,,1974,255115.0,46.0552778,14.514444400000002
11494,1988,,2007,255115.0,46.0552778,14.514444400000002
11495,1941,,1963,255115.0,46.0552778,14.514444400000002
11496,1983,,2012,255115.0,46.0552778,14.514444400000002
11497,1974,,2006,255115.0,46.0552778,14.514444400000002
11499,1946,2020,1973,,51.4043,84.9642
11504,1962,2018,1992,542381.0,54.6833333,25.3166667
11505,1963,,1991,542381.0,54.6833333,25.3166667
11506,1997,,2016,11805.0,58.9430556,23.5413889
11507,1994,,2013,,42.801291,2.002472
11510,1985,,2005,,-32.55,151.73333300000002
11512,1960,,1992,2025.0,56.706944400000005,24.3519444
11513,1989,,2013,,42.616667,-8.9
11518,1959,,1986,75740.0,53.05,8.616667
11519,1966,,1995,,41.7986111,20.8591667
11531,1988,,2006,90853.0,50.027778000000005,15.775833
11532,1991,,2006,3467426.0,10.75,106.666667
11533,1972,,1999,3467426.0,10.75,106.666667
11534,1982,,2010,,48.56066,-3.148519
11535,1947,,1982,,50.720474,15.171128
11538,1988,,2007,434959.0,54.706493,20.510951
11540,1952,2020,1992,434959.0,54.706493,20.510951
11542,1997,,2017,,45.880291,127.133732
11544,2000,,2018,,45.880291,127.133732
11546,1991,,2017,,45.880291,127.133732
11548,1978,,1998,,45.880291,127.133732
11550,1933,2014,1964,204825.0,47.533333,21.633333
11552,1989,,2007,,30.710932,118.400485
11556,1987,,2004,,30.710932,118.400485
11560,1999,,2017,,30.710932,118.400485
11564,1999,,2019,,26.368281,115.342894
11566,2001,,2017,1878129.0,30.29365,120.161419
11568,1980,,2004,,27.381639,114.134262
11570,1968,,2004,,27.381639,114.134262
11572,1979,,2004,,27.381639,114.134262
11574,1960,,1998,,42.768317,129.336355
11575,1991,,2012,,42.768317,129.336355
11576,1993,,2013,,42.768317,129.336355
11577,1984,,2009,,46.65,-71.3
11593,1980,,2005,,59.15,9.666667
11594,1971,,2005,44502.0,48.5833333,19.1333333
11595,1962,,2000,6023742.0,-22.9,-43.233333
11596,1990,,2009,89763.0,59.576389,30.128333
11598,1992,,2015,,28.661944,121.46
11605,1991,,2013,,28.661944,121.46
11612,1990,,2016,,28.661944,121.46
11619,1988,,2008,,28.661944,121.46
11626,1978,,2008,,39.698897,-2.2878130000000003
11629,1960,,1982,,-9.1,-61.666667
11653,1962,,1988,,-9.1,-61.666667
11677,1955,,1991,189341.0,53.1585,48.4681
11678,1999,,2017,,36.898035,66.976639
11680,1996,,2017,47682.0,44.88,40.598611
11681,1984,,2006,20691.0,44.561389,25.948889
11682,1971,,1992,,48.683333000000005,15.566667
11695,1956,2017,1991,28114.0,57.785064,36.696512
11696,1967,,1994,,22.5,-83.5333333
11702,2000,,2016,,31.471681,65.57826700000001
11712,1966,,1998,,26.9,74.133333
11717,1963,,1993,198835.0,50.297612,18.676583
11718,1986,,2014,198835.0,50.297612,18.676583
11719,1974,,1999,2727.0,42.583333,-82.166667
11731,1928,2013,1959,2727.0,42.583333,-82.166667
11743,1972,,2014,2727.0,42.583333,-82.166667
11755,1935,2020,1959,2727.0,42.583333,-82.166667
11767,1979,,2010,2727.0,42.583333,-82.166667
11779,1969,,1995,,54.9166667,29.4
11791,1980,,1998,,41.85,25.8833333
11819,1956,,2003,265027.0,61.796131,34.349295
11820,1979,,2002,42243.0,48.87143,2.229289
11821,1969,,1998,,46.822239,5.586825
11823,1960,,1996,,46.822239,5.586825
11825,1987,,2010,,-34.641909000000005,-58.586642000000005
11827,1946,,1974,,19.3833333,-71.7833333
11864,1985,,2007,82336.0,48.7333333,19.15
11865,1972,,2008,,39.817347,46.755668
11867,1938,,1975,176315.0,43.5138889,16.455833300000002
11868,1976,,1999,176315.0,43.5138889,16.455833300000002
11869,1984,,2007,176315.0,43.5138889,16.455833300000002
11870,1990,,2008,176315.0,43.5138889,16.455833300000002
11871,2000,,2017,20562.0,39.9538889,44.5505556
11872,1984,,2008,1010331.0,48.71939,44.501835
11873,1958,,2008,,-36.710137,-57.585696
12037,1992,,2017,2888.0,40.9744444,45.2519444
12038,1970,,2011,311727.0,-23.416667,-51.916667
12039,1967,,1996,,-29.583333000000003,150.316667
12042,1961,,1992,,-29.566667,151.833333
12066,1952,,1972,106115.0,-29.716667,-52.433333
12067,1987,,2004,123271.0,-6.326389,108.32
12068,1987,,2007,100649.0,49.75,6.633333
12069,1955,,2008,70786.0,55.131,61.6792
12070,1986,,2010,,-9.151022,14.509003
12092,1963,,1988,,-9.151022,14.509003
12114,2006,,2021,,12.6,-2.9
12127,1957,,1982,,-42.833333,147.45
12162,1995,,2017,65593.0,15.483332999999998,73.833333
12163,1990,,2011,52987.0,48.7666667,18.6333333
12164,1986,,2014,231493.0,51.05,3.716667
12169,1962,,1990,492637.0,51.3,12.333333
12171,1971,,1997,12584.0,56.7852778,23.9380556
12172,1972,,1996,481000.0,52.4416667,30.9833333
12173,1974,,2008,25516.0,44.365833,20.962778
12174,1955,2001,1976,,52.45,-1.916667
12175,1937,2005,1991,,42.441111,19.263611
12176,1966,,1997,,47.016667,10.733333
12178,1978,,2002,,51.201111,52.086111
12182,1983,,2004,,48.774735,25.832149
12183,1983,,2013,63336.0,44.783333,10.883333
12184,1965,,1997,89056.0,46.5547222,15.6466667
12185,1980,,2000,53921.0,69.06888599999999,33.416218
12186,1994,,2018,259994.0,56.1497,101.6085
12187,1980,,2007,223773.0,23.6233333,90.5011111
12189,1995,,2018,213171.0,53.86666700000001,10.7
12203,1988,,2009,,49.478455,17.819404000000002
12205,2000,,2017,36708.0,45.616667,9.216667
12206,1963,,1986,,6.44,-74.046389
12207,1997,,2017,,36.81665,70.102108
12218,1962,,1992,610271.0,55.833333,-4.25
12238,1979,,2000,1287586.0,56.8519,60.6122
12239,1970,,2008,1287586.0,56.8519,60.6122
12240,1962,,2009,,41.75,25.35
12243,1963,,2001,28275.0,45.8986111,16.8488889
12244,1991,,2011,,31.926389,34.803333
12246,1987,,2003,,36.85,140.783333
12249,1998,,2016,,8.506944,76.956944
12250,1995,,2013,,-17.7,-64.7
12324,1979,,2005,224428.0,52.166667,11.666667
12325,1993,,2006,10928270.0,28.6,77.2
12327,1997,,2012,10928270.0,28.6,77.2
12329,1983,,2012,,57.7744444,26.0452778
12332,1943,2007,1978,51607.0,45.774167,19.112222
12333,1983,,2007,51607.0,45.774167,19.112222
12334,1973,,1994,32072.0,56.359471,8.620799
12335,2003,,2021,,-11.95,-66.83333329999999
12391,1980,,2013,,-11.95,-66.83333329999999
12447,2004,,2018,325140.0,10.516667,76.216667
12448,1965,,1993,158707.0,51.833333,5.866667
12449,1959,,1979,,-31.43031,-63.831777
12471,1968,,1989,25680.0,53.55,-2.4
12473,1962,,1990,,40.5166667,43.6
12476,1978,,2004,,40.5166667,43.6
12479,1926,2016,1952,,40.5166667,43.6
12482,1972,,2005,,61.28631899999999,53.648033
12484,1985,,2003,,64.883333,25.4
12489,1989,,2020,,-28.151626,-65.371462
12518,1963,,1998,1019022.0,50.833333,4.3333330000000005
12522,1990,,2011,46060.0,59.3986111,27.273055600000003
12523,1973,,2007,,41.752114,0.8138489999999999
12524,1977,,1999,102792.0,49.59404,17.25119
12525,1985,,2011,272808.0,20.1444444,-75.2091667
12528,1940,2005,1978,,43.573889,21.696944
12530,1991,,2012,,18.4166667,-78.1333333
12540,1908,2005,1996,,7.033333,-73.716667
12542,1991,,2011,35327.0,46.350137,18.709051
12543,1987,,2007,586702.0,52.297778,104.296389
12544,1976,,2001,49675.0,47.141666,7.257589
12553,1988,,2019,,43.563902,-6.628236
12565,1933,,1993,2307.0,41.983333,-82.93333299999999
12573,1979,,2004,,-34.76088,-58.406319
12574,1983,,2011,15199.0,38.416667,-6.416667
12578,1993,,2012,88222.0,-34.098142,-59.028585
12580,1981,,2004,,-27.616667,152.76666699999998
12587,1971,,2007,,42.3166667,26.3833333
12590,1988,,2011,8325.0,50.585292,16.331815
12592,1980,,2008,,44.826111100000006,16.4713889
12601,1969,,1989,116928.0,52.176281,4.528154
12603,1985,,2004,116928.0,52.176281,4.528154
12605,1979,,1998,116928.0,52.176281,4.528154
12607,1959,,1982,116928.0,52.176281,4.528154
12613,1960,,1985,,34.9833333,33.725
12614,1988,,2010,101614.0,52.8,27.5333333
12615,1991,,2018,,52.8,27.5333333
12616,1931,2016,1962,,39.574337,2.655222
12618,1983,,1998,278548.0,48.346981,38.054189
12619,1959,,1981,,45.243333,20.582222
12620,1937,,1961,60919.0,46.84,16.843889
12621,1990,,2016,40047.0,54.8913,61.3969
12629,1982,,2001,,56.0959,98.2652
12634,1992,,2016,594619.0,37.280769,49.58319
12635,1990,,2010,594619.0,37.280769,49.58319
12636,1999,,2016,,-33.0,151.6
12650,1981,,2011,300371.0,61.25,73.416667
12652,1913,1999,1982,,4.977825,-73.90324100000001
12666,1944,,1980,,4.977825,-73.90324100000001
12680,1979,,2012,,4.977825,-73.90324100000001
12694,1951,,1974,,4.977825,-73.90324100000001
12708,1973,,2004,,4.977825,-73.90324100000001
12722,1992,,2010,35108.0,47.780715,19.131006
12723,1978,,2001,,52.9362,84.5942
12729,1997,,2016,,52.9362,84.5942
12735,1989,,2012,22478.0,51.836059000000006,4.653349
12736,1958,,1982,,40.0236111,44.4244444
12771,1921,2004,1984,22417.0,45.7925,15.164722199999998
12772,2000,,2017,,18.975,72.82583299999999
12773,1959,,1997,,18.975,72.82583299999999
12774,1946,,1994,290936.0,52.731689,41.443262
12775,1999,,2018,142032.0,21.84,-78.7619444
12776,1971,,2002,,8.673844,-74.781827
12815,1978,,2015,,8.673844,-74.781827
12893,1939,,1972,188554.0,42.5,27.4666667
12895,1978,,2009,188554.0,42.5,27.4666667
12897,1961,,2005,,51.195278,82.010278
12902,1988,,2008,90610.0,46.624722,14.305278
12903,1929,2000,1961,90610.0,46.624722,14.305278
12904,1949,,1976,,46.466111,14.342778
12913,1994,,2014,,23.033333,72.616667
12916,1989,,2007,311854.0,59.13333299999999,37.9
12917,1950,2021,1981,202688.0,61.5,23.75
12918,1996,,2010,80210.0,47.233333,16.616667
12920,1946,,1980,,56.8519,60.6122
12924,1983,,2009,,54.782641000000005,11.093617
12925,1991,,2011,,-11.281846,14.34056
12929,1972,,1998,,51.15,3.3833330000000004
12935,1981,,2014,111972.0,47.738082,7.347932000000001
12936,1994,,2015,22930.0,51.0,3.883333
12937,1993,,2019,165504.0,4.084656,-76.19536
12938,1960,,1987,116291.0,37.772404,-3.79013
12942,1979,,2007,1980242.0,36.7630556,3.0505556
12946,1994,,2010,,15.116666699999998,-83.3
12951,1973,,1997,,-12.95,-64.7
12977,1991,,2017,,44.6177778,17.145277800000002
12979,1980,,2001,,44.6177778,17.145277800000002
12981,1960,,1985,204863.0,-42.883209,147.331665
12994,1992,,2013,,49.318212,14.908945
12996,1922,2009,1960,,-14.4333333,-62.3
12997,1988,,2010,,50.016667,5.5833330000000005
13016,1977,,1999,,17.0666667,-61.8166667
13046,1997,,2019,,3.03,-75.166667
13050,2005,,2020,,24.5166667,90.5666667
13055,1990,,2016,,24.5166667,90.5666667
13060,1974,,1993,,-31.9,152.48333300000002
13083,1973,,2010,317136.0,49.811852,18.255282
13084,1993,,2009,543942.0,25.35731,55.403304000000006
13087,1994,,2019,,-18.0333333,-64.9666667
13190,1980,,2006,360281.0,51.826053,107.609794
13191,1981,,2002,360281.0,51.826053,107.609794
13192,1996,,2019,360281.0,51.826053,107.609794
13193,1970,,2009,,10.311111,123.891667
13194,1968,,2012,,10.311111,123.891667
13195,1992,,2017,,-6.879167,-71.063056
13199,1996,,2018,,-10.2833333,-65.9
13260,1999,,2018,46361.0,37.185161,-5.780930000000001
13261,1982,,2007,21741.0,44.9669444,15.943055599999996
13263,1969,,2004,,50.816667,4.55
13265,1974,,2001,309626.0,49.488333,8.464722
13266,1960,,1994,594255.0,51.516667,7.45
13267,2002,,2020,267044.0,52.093813,5.119095
13270,1994,,2020,267044.0,52.093813,5.119095
13273,1998,,2015,,50.616667,5.933333
13278,1986,,2014,,-8.0599,112.0284
13285,1973,,2003,3038.0,47.5,20.5
13286,2000,,2014,,36.4077778,-90.5797222
13297,1937,2010,2004,578307.0,48.480833,135.092778
13298,1978,,1997,,-12.054203,15.209178
13308,1991,,2011,,-34.483333,150.85
13318,1969,,1993,,54.966667,62.7
13323,1966,,1996,,50.3082,36.709962
13325,1982,,2009,,50.905556,58.004167
13328,1978,,2007,,50.905556,58.004167
13331,1965,,1984,,-30.25,152.716667
13345,1999,,2019,,46.304949,30.654779
13346,1986,,2018,374801.0,41.3275,19.8188889
13348,1973,,2008,25954.0,51.4,7.433333
13349,1981,,2011,,48.15,22.766667
13350,1982,,2009,,9.728056,-7.651944
13354,1959,2013,1992,,4.110444,-72.858903
13360,1993,,2008,106972.0,46.307778000000006,44.255833
13361,1979,,2007,,53.5303,49.3461
13362,1983,,2007,,55.0833333,29.3333333
13364,1922,2003,1987,18677.0,49.984057,20.062219
13365,1975,,1996,145291.0,52.4,13.066667
13370,1922,2006,1992,145291.0,52.4,13.066667
13375,1958,,1987,127504.0,69.3535,88.2027
13376,1984,,2009,1843459.0,-27.47101,153.024292
13380,2001,,2017,324025.0,-35.27603,149.13435
13381,1987,,2008,,53.455924,35.188005
13385,1986,,2016,17266.0,55.416667,13.816667
13386,1993,,2007,356987.0,14.459027,120.929034
13387,1978,,1999,,52.774498,19.282374
13397,1963,,1984,80040.0,67.5,64.0
13399,1968,,1987,9762.0,44.3422222,17.265555600000003
13400,1943,,1976,,52.6196,78.7735
13418,1971,,1990,,40.909096000000005,48.384231
13430,1974,,2006,,40.909096000000005,48.384231
13442,1990,,2009,,52.033618,6.649561
13445,1976,,2010,71590.0,26.366667,86.083333
13447,1964,,2004,,42.85,26.9333333
13454,1993,,2017,,51.55,-114.466667
13457,1987,,2004,48720.0,51.583333,8.116667
13459,1983,,2012,37691.0,44.7569444,19.2161111
13460,1926,2001,1965,,48.513199,32.259702000000004
13461,1957,,1986,1718433.0,-25.416667,-49.25
13462,1996,,2018,,-29.766667,-50.566667
13464,1947,2016,1978,,-6.2079,106.7781
13470,1945,,1973,,-28.963096000000004,-65.42670600000001
13705,1992,,2019,,20.5,85.833333
13706,1989,,2009,6517.0,48.216667,14.4
13710,1978,,2004,1137376.0,25.258172,55.304717
13713,1997,,2018,,-32.95,151.666667
13730,1999,,2018,143850.0,41.7858333,-88.1472222
13731,1999,,2016,173535.0,58.966667,5.75
13733,1983,,2007,,55.5333333,28.65
13734,1981,,2017,,12.307222,76.649722
13735,1985,,2010,,60.7,12.1
13739,1949,,1980,,55.15444399999999,61.429722
13740,1975,,1992,157519.0,43.8563889,25.9708333
13742,1951,,1974,,10.696944,122.564444
13743,1960,2019,1998,7813.0,43.413333,22.121111
13744,1970,2019,2008,88287.0,42.468889,21.463333
13745,1989,,2020,84969.0,-38.547259,-58.736753
13747,1988,,2007,,33.212778,50.089722
13750,1953,,2002,,45.4,26.383333
13752,1979,,1999,,53.0,26.1
13754,1990,,2005,30453.0,48.838814,2.478642
13755,1981,,2001,36531.0,46.3,25.3
13756,1982,,1999,26926.0,39.883333,4.25
13757,1992,,2019,113603.0,45.683333000000005,9.716667
13758,1999,,2016,179995.0,53.216667,6.55
13761,2001,,2018,179995.0,53.216667,6.55
13764,1994,,2011,8997.0,52.273551,5.24929
13765,1972,,1993,,51.0,5.116667
13767,1951,,1982,,43.5666667,27.8333333
13768,1961,,1988,33647.0,22.7952778,-81.5375
13769,1992,,2020,,-8.75,20.466667
13772,1978,,1998,,-5.903055999999999,-64.395556
13778,1998,,2017,17086.0,49.163739,26.58394
13781,1967,,2000,,14.6457,120.3038
13783,1999,,2019,213877.0,8.193889,77.431389
13784,1963,,2006,34562.0,53.032883,5.663313
13785,1952,,1976,57097.0,51.166667,15.0
13786,1974,,1998,303397.0,54.1838,45.1749
13787,1942,,1975,13550.0,44.7652778,16.665555599999998
13788,1997,,2015,,10.516666699999998,14.766666699999998
13793,1989,,2005,3229883.0,45.75,126.65
13797,1996,,2017,3229883.0,45.75,126.65
13801,1978,,2009,,31.704302,118.054622
13818,2000,,2021,,51.343377,6.1360660000000005
13819,1962,,1990,,34.217683,67.887872
13824,1999,,2013,,31.309704,118.655471
13833,1965,,1994,,44.216667,-76.533333
13844,1984,,2006,,52.135143,6.228719
13845,1979,,2008,,-37.166667,144.166667
13848,1966,,2010,,50.833333,12.916667
13849,1970,,1993,,31.25,118.183333
13853,2000,,2015,,43.55,16.2666667
13865,1962,,1994,205130.0,33.636111,116.978889
13869,1976,,2007,142206.0,29.107778000000003,119.654722
13877,1962,,1990,,41.0147222,44.290555600000005
13893,1996,,2016,,51.383333,-97.483333
13913,1925,2000,1964,,51.9,24.5166667
13939,1992,,2012,70438.0,41.378052,33.775275
13940,1959,,1990,,60.833333,26.666667
13942,1994,,2009,,29.081143,120.417317
13951,1938,,1976,,57.5787,92.4964
13956,1999,,2016,,43.8275,19.3483333
13961,1981,,2007,,-34.5,-59.11666700000001
13985,1958,,1984,,-9.549444,16.135
14007,1972,,1994,,-33.503944,-64.675865
14010,1963,2014,2000,,33.471389,69.623334
14019,1947,,1987,,53.15,29.2333333
14020,1980,,2001,,30.734540000000003,119.526518
14023,1986,,2005,,28.26,119.191667
14031,1985,,2008,,28.26,119.191667
14039,1986,,2008,,29.346443,116.198733
14043,1986,,2009,,29.019341,116.801922
14048,1958,,2005,,37.2358333,67.31111109999999
14049,1988,,2014,10026.0,49.706317,17.076908
14050,1990,,2017,13200.0,62.0166667,-6.7666667
